treatment_repo,control_repo,ps_treatment,ps_control,distance,smd_stars,smd_size_kb,smd_forks,smd_num_commits,smd_num_contributors,smd_repo_age_months
devonfw/IDEasy,TerraFirmaGreg-Team/Core-Modern,0.177124,0.187325,0.441305,-0.0516,-0.1774,-0.0526,-0.1242,0.0844,-0.0731
TrueLayer/truelayer-java,anboralabs/ks-explorer,0.102195,0.113060,0.457470,-0.0516,-0.1774,-0.0526,-0.1242,0.0844,-0.0731
kousen/java_latest,cmu-sei/kaiju,0.092848,0.092562,0.561684,-0.0516,-0.1774,-0.0526,-0.1242,0.0844,-0.0731
phax/ph-commons,BenCodez/AdvancedCore,0.158503,0.167864,0.546056,-0.0516,-0.1774,-0.0526,-0.1242,0.0844,-0.0731
4Soft-de/harness-model,ttoklip/BackEnd,0.226188,0.224582,0.655163,-0.0516,-0.1774,-0.0526,-0.1242,0.0844,-0.0731
alibaba/spring-ai-alibaba,ReVanced/revanced-patches,0.241162,0.262908,0.942312,-0.0516,-0.1774,-0.0526,-0.1242,0.0844,-0.0731
deltazefiro/Amarok-Hider,redis/redis-om-spring,0.141429,0.147772,0.871327,-0.0516,-0.1774,-0.0526,-0.1242,0.0844,-0.0731
openrewrite/rewrite,apache/iotdb,0.252722,0.252286,0.730987,-0.0516,-0.1774,-0.0526,-0.1242,0.0844,-0.0731
Haehnchen/idea-php-symfony2-plugin,SonarSource/sonar-php,0.129840,0.115595,0.509899,-0.0516,-0.1774,-0.0526,-0.1242,0.0844,-0.0731
eclipse-lyo/lyo,wultra/powerauth-server,0.151494,0.166219,0.587750,-0.0516,-0.1774,-0.0526,-0.1242,0.0844,-0.0731
tcheeric/nostr-java,ACGaming/UniversalTweaks,0.198444,0.179165,0.458975,-0.0516,-0.1774,-0.0526,-0.1242,0.0844,-0.0731
ctrl-space-labs/gendox-core,yellowstonegames/SquidSquad,0.241023,0.255128,1.145022,-0.0516,-0.1774,-0.0526,-0.1242,0.0844,-0.0731
lilishop/lilishop,cinit/QAuxiliary,0.192153,0.203300,0.824012,-0.0516,-0.1774,-0.0526,-0.1242,0.0844,-0.0731
xerial/snappy-java,lukas-krecan/JsonUnit,0.090111,0.094448,0.987365,-0.0516,-0.1774,-0.0526,-0.1242,0.0844,-0.0731
JWebMP/Core,guardtime/ksi-java-sdk,0.124402,0.129204,1.128781,-0.0516,-0.1774,-0.0526,-0.1242,0.0844,-0.0731
AxonFramework/AxonFramework,spring-projects/spring-integration,0.163196,0.145938,0.497885,-0.0516,-0.1774,-0.0526,-0.1242,0.0844,-0.0731
Servoy/servoy-client,SEMOSS/Semoss,0.251806,0.252482,1.010991,-0.0516,-0.1774,-0.0526,-0.1242,0.0844,-0.0731
apache/struts,SonarSource/sonar-java,0.163679,0.156000,0.344454,-0.0516,-0.1774,-0.0526,-0.1242,0.0844,-0.0731
graphql-java/graphql-java,reactor/reactor-core,0.146533,0.154608,0.885839,-0.0516,-0.1774,-0.0526,-0.1242,0.0844,-0.0731
nyetwurk/ecuxplot,Gubaer/josm-scripting-plugin,0.095800,0.101012,0.732718,-0.0516,-0.1774,-0.0526,-0.1242,0.0844,-0.0731
qlangtech/plugins,itinycheng/flink-platform-backend,0.154142,0.160923,0.560911,-0.0516,-0.1774,-0.0526,-0.1242,0.0844,-0.0731
pablo67340/GUIShop,SonarSource/sonar-xml,0.067165,0.068177,0.691461,-0.0516,-0.1774,-0.0526,-0.1242,0.0844,-0.0731
salesforce/multicloudj,dougdonohoe/ddpoker,0.150852,0.144780,0.604133,-0.0516,-0.1774,-0.0526,-0.1242,0.0844,-0.0731
baretto-labs/OllamAssist,clerk/clerk-sdk-java,0.119269,0.118416,0.372173,-0.0516,-0.1774,-0.0526,-0.1242,0.0844,-0.0731
caoccao/Javet,standard-webhooks/standard-webhooks,0.091056,0.093034,1.450476,-0.0516,-0.1774,-0.0526,-0.1242,0.0844,-0.0731
IstiN/dmtools,cryostatio/cryostat,0.202572,0.195433,0.197521,-0.0516,-0.1774,-0.0526,-0.1242,0.0844,-0.0731
opentripplanner/OpenTripPlanner,wildfly/wildfly,0.192091,0.195225,0.499732,-0.0516,-0.1774,-0.0526,-0.1242,0.0844,-0.0731
oraxen/oraxen,GoogleCloudPlatform/spring-cloud-gcp,0.180104,0.189377,0.475270,-0.0516,-0.1774,-0.0526,-0.1242,0.0844,-0.0731
bloxbean/cardano-client-lib,GoogleCloudPlatform/jit-groups,0.157092,0.143898,0.557059,-0.0516,-0.1774,-0.0526,-0.1242,0.0844,-0.0731
remsfal/remsfal-backend,kestra-io/plugin-jdbc,0.130171,0.126661,1.017316,-0.0516,-0.1774,-0.0526,-0.1242,0.0844,-0.0731
HDFGroup/hdfview,rabbitmq/rabbitmq-stream-java-client,0.216123,0.229334,0.578258,-0.0516,-0.1774,-0.0526,-0.1242,0.0844,-0.0731
orphan-oss/ognl,junrar/junrar,0.069874,0.067962,0.792566,-0.0516,-0.1774,-0.0526,-0.1242,0.0844,-0.0731
BBMRI-ERIC/negotiator,USACE/cwms-data-api,0.228603,0.209994,0.535457,-0.0516,-0.1774,-0.0526,-0.1242,0.0844,-0.0731
dromara/skyeye,datageartech/datagear,0.216273,0.228477,0.428469,-0.0516,-0.1774,-0.0526,-0.1242,0.0844,-0.0731
freeplane/freeplane,debezium/debezium,0.179613,0.185754,1.533123,-0.0516,-0.1774,-0.0526,-0.1242,0.0844,-0.0731
OpenFeign/querydsl,seed4j/seed4j,0.324586,0.353111,1.273309,-0.0516,-0.1774,-0.0526,-0.1242,0.0844,-0.0731
entur/antu,yuzawa-san/onnxruntime-java,0.182933,0.182215,0.903460,-0.0516,-0.1774,-0.0526,-0.1242,0.0844,-0.0731
caoccao/swc4j,spannm/ucanaccess,0.197641,0.191626,0.544176,-0.0516,-0.1774,-0.0526,-0.1242,0.0844,-0.0731
DataSQRL/flink-sql-runner,MikhailSterkhov/bridgenet,0.184065,0.203069,0.233641,-0.0516,-0.1774,-0.0526,-0.1242,0.0844,-0.0731
slackhq/astra,wildmountainfarms/solarthing,0.155100,0.153235,0.566735,-0.0516,-0.1774,-0.0526,-0.1242,0.0844,-0.0731
apache/gravitino,apache/polaris,0.220059,0.243250,1.665747,-0.0516,-0.1774,-0.0526,-0.1242,0.0844,-0.0731
SimoneAvogadro/HumanDetection4Tasker,qm123pz/NightSky-Client,0.127346,0.125920,0.492445,-0.0516,-0.1774,-0.0526,-0.1242,0.0844,-0.0731
wisemapping/wisemapping-open-source,kroxylicious/kroxylicious,0.260187,0.248215,0.560511,-0.0516,-0.1774,-0.0526,-0.1242,0.0844,-0.0731
akto-api-security/akto,risin42/NagramX,0.344038,0.333608,0.881233,-0.0516,-0.1774,-0.0526,-0.1242,0.0844,-0.0731
knime/knime-python,PANTHEONtech/lighty,0.169743,0.153447,0.571754,-0.0516,-0.1774,-0.0526,-0.1242,0.0844,-0.0731
LianjiaTech/bella-openapi,jonesdevelopment/sonar,0.185612,0.199398,0.701419,-0.0516,-0.1774,-0.0526,-0.1242,0.0844,-0.0731
agoncal/agoncal-application-vintagestore,nikhilmusale70/DSA,0.143260,0.129398,0.708278,-0.0516,-0.1774,-0.0526,-0.1242,0.0844,-0.0731
ArcadeData/arcadedb,MCreator/MCreator,0.257753,0.266682,0.629652,-0.0516,-0.1774,-0.0526,-0.1242,0.0844,-0.0731
PacoVK/tapir,smartboot/smart-mqtt,0.213588,0.205606,0.258816,-0.0516,-0.1774,-0.0526,-0.1242,0.0844,-0.0731
datavane/tis,tensorflow/java,0.147199,0.136144,0.679267,-0.0516,-0.1774,-0.0526,-0.1242,0.0844,-0.0731
Engineering-Research-and-Development/dsp-true-connector,MoonWorm/jsonapi4j,0.126365,0.118809,0.836354,-0.0516,-0.1774,-0.0526,-0.1242,0.0844,-0.0731
xtclang/xvm,jjazzboss/JJazzLab,0.285736,0.306877,0.611234,-0.0516,-0.1774,-0.0526,-0.1242,0.0844,-0.0731
DIGI-UW/OpenELIS-Global-2,dhis2/dhis2-core,0.240953,0.248819,0.759828,-0.0516,-0.1774,-0.0526,-0.1242,0.0844,-0.0731
open-telemetry/opentelemetry-java-instrumentation,micronaut-projects/micronaut-core,0.241384,0.225925,0.668708,-0.0516,-0.1774,-0.0526,-0.1242,0.0844,-0.0731
cygnusx-1-org/Slide,dic1911/Momogram,0.333565,0.320246,1.228007,-0.0516,-0.1774,-0.0526,-0.1242,0.0844,-0.0731
snyk/snyk-eclipse-plugin,Spazzinq/FlightControl,0.127816,0.130934,0.383955,-0.0516,-0.1774,-0.0526,-0.1242,0.0844,-0.0731
zilliztech/vts,LineageOS/android_packages_apps_DocumentsUI,0.266646,0.238113,2.093933,-0.0516,-0.1774,-0.0526,-0.1242,0.0844,-0.0731
kousen/java_8_recipes,maxmind/MaxMind-DB-Reader-java,0.074558,0.081934,1.303143,-0.0516,-0.1774,-0.0526,-0.1242,0.0844,-0.0731
e-gleba/cxx-skeleton,exadel-inc/etoolbox-rollout-manager,0.130959,0.118451,0.875119,-0.0516,-0.1774,-0.0526,-0.1242,0.0844,-0.0731
hackvertor/hackvertor,netfishers-onl/Netshot,0.115199,0.106579,0.639185,-0.0516,-0.1774,-0.0526,-0.1242,0.0844,-0.0731
explore-de/rage4j,dasi0227/Agent,0.132143,0.139365,0.708448,-0.0516,-0.1774,-0.0526,-0.1242,0.0844,-0.0731
msgpack/msgpack-java,jacoco/jacoco,0.082635,0.095093,0.989356,-0.0516,-0.1774,-0.0526,-0.1242,0.0844,-0.0731
yennanliu/CS_basics,swift-lang/swift-t,0.234040,0.220793,0.812916,-0.0516,-0.1774,-0.0526,-0.1242,0.0844,-0.0731
OpenFeign/feign,spockframework/spock,0.094020,0.105122,2.246011,-0.0516,-0.1774,-0.0526,-0.1242,0.0844,-0.0731
portfolio-performance/portfolio,pac4j/pac4j,0.135072,0.133695,0.848322,-0.0516,-0.1774,-0.0526,-0.1242,0.0844,-0.0731
domaframework/doma,omnifaces/omnifaces,0.144832,0.144056,0.411558,-0.0516,-0.1774,-0.0526,-0.1242,0.0844,-0.0731
microsoft/gctoolkit,protomaps/basemaps,0.117065,0.120186,0.687258,-0.0516,-0.1774,-0.0526,-0.1242,0.0844,-0.0731
grafioschtrader/grafioschtrader,powsybl/powsybl-open-rao,0.166073,0.152969,0.612498,-0.0516,-0.1774,-0.0526,-0.1242,0.0844,-0.0731
smithy-lang/smithy-java,onixary/shape-shifter-curse-fabric,0.189881,0.203819,0.430597,-0.0516,-0.1774,-0.0526,-0.1242,0.0844,-0.0731
maxmind/GeoIP2-java,google/caliper,0.097589,0.089569,0.775019,-0.0516,-0.1774,-0.0526,-0.1242,0.0844,-0.0731
bytechefhq/bytechef,mzmine/mzmine,0.339857,0.339468,0.993689,-0.0516,-0.1774,-0.0526,-0.1242,0.0844,-0.0731
wso2-extensions/identity-organization-management,eclipse-tractusx/tractusx-edc,0.190239,0.209018,1.469072,-0.0516,-0.1774,-0.0526,-0.1242,0.0844,-0.0731
mixpanel/mixpanel-android,internetarchive/heritrix3,0.090210,0.100935,0.876768,-0.0516,-0.1774,-0.0526,-0.1242,0.0844,-0.0731
open-telemetry/opentelemetry-java-contrib,atlassian/data-center-helm-charts,0.171395,0.151360,0.405378,-0.0516,-0.1774,-0.0526,-0.1242,0.0844,-0.0731
schmave/demschooltools,SmartTools/smartactors-core,0.156652,0.177245,0.586481,-0.0516,-0.1774,-0.0526,-0.1242,0.0844,-0.0731
dadoonet/fscrawler,linkedin/rest.li,0.121713,0.111734,0.615950,-0.0516,-0.1774,-0.0526,-0.1242,0.0844,-0.0731
axonivy-market/portal,averbraeck/opentrafficsim,0.357513,0.333647,1.203004,-0.0516,-0.1774,-0.0526,-0.1242,0.0844,-0.0731
AlexProgrammerDE/SoulFire,lakernote/EasyPostman,0.245336,0.254688,1.018101,-0.0516,-0.1774,-0.0526,-0.1242,0.0844,-0.0731
hyperledger/besu,micrometer-metrics/micrometer,0.205793,0.182356,0.854260,-0.0516,-0.1774,-0.0526,-0.1242,0.0844,-0.0731
TimefoldAI/timefold-solver,AutoMQ/automq,0.324684,0.328639,1.666575,-0.0516,-0.1774,-0.0526,-0.1242,0.0844,-0.0731
Angular2Guy/MovieManager,sekelsta/horse-colors,0.113690,0.116424,0.522104,-0.0516,-0.1774,-0.0526,-0.1242,0.0844,-0.0731
Women-Coding-Community/wcc-backend,opensearch-project/flow-framework,0.150377,0.135871,0.547381,-0.0516,-0.1774,-0.0526,-0.1242,0.0844,-0.0731
tradestreamhq/tradestream,Hydraheads/RoundaboutMod,0.300668,0.298332,1.598593,-0.0516,-0.1774,-0.0526,-0.1242,0.0844,-0.0731
quarkiverse/quarkus-hivemq-client,micronaut-projects/micronaut-elasticsearch,0.141483,0.123653,0.990070,-0.0516,-0.1774,-0.0526,-0.1242,0.0844,-0.0731
top-logic/tl-engine,fanruan/intelli-swift-core,0.336055,0.321794,1.577207,-0.0516,-0.1774,-0.0526,-0.1242,0.0844,-0.0731
SistrScarlet/LittleMaidReBirth-Architectury,fantahund/VoxelMap,0.131541,0.147001,0.625151,-0.0516,-0.1774,-0.0526,-0.1242,0.0844,-0.0731
modlix-india/nocode-saas,koupleless/runtime,0.276323,0.274846,1.543330,-0.0516,-0.1774,-0.0526,-0.1242,0.0844,-0.0731
plantuml/plantuml,oshi/oshi,0.109143,0.117044,0.972805,-0.0516,-0.1774,-0.0526,-0.1242,0.0844,-0.0731
MindsIgnited/continuum-framework,css4j/css4j,0.169027,0.177719,1.055284,-0.0516,-0.1774,-0.0526,-0.1242,0.0844,-0.0731
hmcts/finrem-case-orchestration-service,ManaZeak/ManaZeak,0.194447,0.191204,0.759347,-0.0516,-0.1774,-0.0526,-0.1242,0.0844,-0.0731
